Frequency (Hz),Realised Gain (dB),Antenna Factor (dB),S11 (dB)
20000000,-19.39311891,15.63371883,-6.261759493
20761904.76,-18.38499973,14.95034362,-6.30116014
21523809.52,-17.86088234,14.73926514,-6.467640944
22285714.29,-18.17639909,15.35693025,-6.868078398
23047619.05,-18.69208674,16.16460808,-7.544680926
23809523.81,-18.40392947,16.15894366,-7.958936002
24571428.57,-17.11665578,15.14526392,-7.09166539
25333333.33,-15.24698166,13.54082841,-6.092922031
26095238.1,-13.85452247,12.40574774,-5.529026461
26857142.86,-13.21627413,12.01747032,-5.347743075
27619047.62,-13.22459422,12.26876819,-5.149507193
28380952.38,-13.58679378,12.86733308,-4.929902094
29142857.14,-14.04710249,13.55774504,-4.694868699
29904761.9,-14.33003144,14.06483842,-4.468626792
30666666.67,-14.30964577,14.26297723,-4.249812892
31428571.43,-14.48952859,14.65602141,-4.062864381
32190476.19,-15.24787128,15.6224193,-3.897191038
32952380.95,-16.51583977,17.09357576,-3.723466628
33714285.71,-17.92955931,18.70583857,-3.6103865
34476190.48,-18.7939983,19.76438373,-3.49781152
35238095.24,-19.163876,20.3241245,-3.376201336
36000000,-19.29726279,20.64331281,-3.239383607
36761904.76,-19.76252795,21.29048806,-3.146402251
37523809.52,-20.29083201,21.99697047,-3.063298919
38285714.29,-20.7237968,22.60453188,-2.986816205
39047619.05,-20.75833693,22.81022808,-2.913666916
39809523.81,-20.61728389,22.83702355,-2.837253777
40571428.57,-20.1805929,22.5649989,-2.776617935
41333333.33,-20.0509357,22.59694431,-2.72905591
42095238.1,-20.13175662,22.83641602,-2.6939607
42857142.86,-20.56029148,23.42075577,-2.675800741
43619047.62,-20.7831895,23.79671307,-2.65085721
44380952.38,-20.6878609,23.85179325,-2.615243926
45142857.14,-20.46402982,23.77581067,-2.573719883
45904761.9,-20.31002347,23.76717825,-2.546034571
46666666.67,-20.50274965,24.10288527,-2.510750982
47428571.43,-20.84638572,24.5871866,-2.475798671
48190476.19,-21.1575994,25.03682375,-2.442685773
48952380.95,-20.95972343,24.97519983,-2.411785377
49714285.71,-20.44930675,24.59893083,-2.387106068
50476190.48,-19.91958533,24.20131674,-2.36327811
51238095.24,-19.60242797,24.0142875,-2.341143982
52000000,-19.48948135,24.02954822,-2.322159953
52761904.76,-19.60683357,24.27324289,-2.303627273
53523809.52,-20.10304077,24.8939811,-2.291635553
54285714.29,-20.91639441,25.83010554,-2.284079918
55047619.05,-22.0298907,27.06466149,-2.279043888
55809523.81,-23.17356542,28.32773175,-2.275228871
56571428.57,-24.14013922,29.41208214,-2.276968196
57333333.33,-24.56136679,29.94951063,-2.280830811
58095238.1,-24.32295586,29.82576657,-2.285670229
58857142.86,-23.86101612,29.47699964,-2.294900678
59619047.62,-23.2912798,29.01898048,-2.306041478
60380952.38,-22.89445328,28.73245245,-2.318267341
61142857.14,-22.40242617,28.34934075,-2.330757409
61904761.9,-21.94878258,28.00326373,-2.34160077
62666666.67,-21.51434826,27.67508016,-2.349531326
63428571.43,-21.29660642,27.56230503,-2.359990149
64190476.19,-21.2508608,27.62027275,-2.37120639
64952380.95,-21.37310456,27.84500607,-2.377824666
65714285.71,-21.53305974,28.10625558,-2.374034871
66476190.48,-21.61546974,28.28879221,-2.366575233
67238095.24,-21.44890708,28.22121512,-2.358961251
68000000,-20.81534194,27.68552019,-2.354935993
68761904.76,-20.05798367,27.02494164,-2.355641661
69523809.52,-19.33164006,26.39431129,-2.361887986
70285714.29,-19.28364902,26.44099028,-2.37757896
71047619.05,-19.56399589,26.81498646,-2.405830904
71809523.81,-20.09373218,27.43737311,-2.449343135
72571428.57,-20.41592059,27.85123403,-2.542654916
73333333.33,-20.5101325,28.03616102,-2.675116994
74095238.1,-20.51682528,28.13263124,-2.820630552
74857142.86,-20.57279571,28.27746065,-2.854550448
75619047.62,-20.93973339,28.73235745,-2.833557624
76380952.38,-21.44386072,29.3235621,-2.825940366
77142857.14,-21.71465794,29.68057234,-2.846306346
77904761.9,-21.33259964,29.38387973,-2.875059521
78666666.67,-20.31842603,28.454241,-2.922869065
79428571.43,-19.07832149,27.29785653,-2.992817589
80190476.19,-17.84190753,26.14436338,-3.065907116
80952380.95,-16.63444834,25.01904087,-3.103114155
81714285.71,-15.20500935,23.67096913,-3.085116496
82476190.48,-13.37544369,21.92201555,-3.038297303
83238095.24,-11.33566582,19.96210849,-2.980636689
84000000,-9.439921737,18.14550746,-2.93231136
84761904.76,-8.160186149,16.9442003,-2.863623609
85523809.52,-7.209799456,16.07154021,-2.796321839
86285714.29,-6.40664244,15.34542041,-2.725204905
87047619.05,-5.613902081,14.62904001,-2.648441462
87809523.81,-5.102875473,14.19370791,-2.598109259
88571428.57,-4.816174507,13.9820475,-2.528903575
89333333.33,-4.698282747,13.93855353,-2.436661882
90095238.1,-4.660753157,13.9747899,-2.322818628
90857142.86,-4.852714598,14.23989611,-2.20846808
91619047.62,-5.299154117,14.75886958,-2.112666876
92380952.38,-5.739785151,15.27143386,-2.037626421
93142857.14,-6.148351989,15.7513431,-1.983238026
93904761.9,-6.511219945,16.18497226,-1.946927979
94666666.67,-7.203314909,16.94725662,-1.924338358
95428571.43,-7.983927983,17.79749643,-1.913294411
96190476.19,-8.617029423,18.49967092,-1.909823875
96952380.95,-8.979200176,18.93036975,-1.906707143
97714285.71,-9.192853704,19.21201494,-1.881417794
98476190.48,-9.466947903,19.5535727,-1.85104935
99238095.24,-9.694906148,19.84847455,-1.820070658
100000000,-9.928758797,20.1487588,-1.792502638
100761904.8,-10.12292064,20.40884801,-1.788147306
101523809.5,-10.32057624,20.67193435,-1.792073711
102285714.3,-10.46195076,20.87825041,-1.797786061
103047619,-10.5598938,21.04065303,-1.79946826
103809523.8,-10.62084172,21.1655857,-1.790160175
104571428.6,-10.6455782,21.25383902,-1.781241144
105333333.3,-10.62894204,21.3002586,-1.774687163
106095238.1,-10.53889434,21.27281217,-1.772327874
106857142.9,-10.39520783,21.19127899,-1.779213132
107619047.6,-10.1986244,21.05640729,-1.79484819
108380952.4,-9.972992937,20.8920522,-1.818593965
109142857.1,-9.684320091,20.66422646,-1.850135736
109904761.9,-9.317177199,20.35750739,-1.889063514
110666666.7,-8.867542808,19.96787939,-1.939284223
111428571.4,-8.452177479,19.61210873,-1.990730764
112190476.2,-8.217945663,19.43706549,-2.04023081
112952381,-8.247256715,19.52516451,-2.084795406
113714285.7,-8.577562436,19.91386299,-2.119878729
114476190.5,-9.151280525,20.5455839,-2.141539479
115238095.2,-9.951448594,21.40337002,-2.151156699
116000000,-10.88367242,22.3928322,-2.151161591
116761904.8,-11.9365857,23.50260912,-2.173810085
117523809.5,-12.98378302,24.60630023,-2.2354013
118285714.3,-13.74669515,25.42534109,-2.336393365
119047619,-13.97935472,25.713769,-2.474605712
119809523.8,-13.62693134,25.41675818,-2.628631948
120571428.6,-13.11752454,24.96241268,-2.774366916
121333333.3,-12.69774184,24.59734442,-2.919449143
122095238.1,-12.40108045,24.35505497,-3.069732887
122857142.9,-12.0366457,24.04465392,-3.23742811
123619047.6,-11.53348524,23.59519311,-3.404245727
124380952.4,-10.94019104,23.0552686,-3.594172729
125142857.1,-10.31865357,22.48677489,-3.816751664
125904761.9,-9.823898003,22.04474112,-4.079804032
126666666.7,-9.480655,21.75390184,-4.348410316
127428571.4,-9.263802881,21.58913917,-4.624121778
128190476.2,-8.97874162,21.35585684,-4.91563444
128952381,-8.523910008,20.95249731,-5.239823254
129714285.7,-7.904377612,20.38413378,-5.613569258
130476190.5,-7.299934491,19.83055985,-6.034624655
131238095.2,-6.886573993,19.46777236,-6.485473777
132000000,-6.780052531,19.41153116,-6.943781729
132761904.8,-7.005675296,19.68714479,-7.343535081
133523809.5,-7.571710977,20.30288527,-7.61947614
134285714.3,-8.296570374,21.07716665,-7.729274225
135047619,-8.953026419,21.78276505,-7.642020521
135809523.8,-9.39943591,22.27804044,-7.345606449
136571428.6,-9.753690334,22.68088738,-6.964644582
137333333.3,-10.17519225,23.15071147,-6.532800398
138095238.1,-10.80112033,23.82469439,-6.073197753
138857142.9,-11.69792324,24.76928774,-5.623583365
139619047.6,-12.76439663,25.88329006,-5.216232509
140380952.4,-13.68635255,26.85251624,-4.89512492
141142857.1,-13.88234335,27.09552144,-4.786661272
141904761.9,-13.19690767,26.45684705,-5.268197405
142666666.7,-10.61813348,23.92458376,-8.373116099
143428571.4,-8.61968395,21.97239741,-7.576357455
144190476.2,-7.656715174,21.0554467,-4.296206725
144952381,-7.03309726,20.47760433,-3.544254378
145714285.7,-6.58983934,20.07988197,-3.234717967
146476190.5,-6.101452338,19.63679307,-3.034865382
147238095.2,-5.351023061,18.93142687,-2.901723607
148000000,-4.37331604,17.99855035,-2.809495569
148761904.8,-3.332024071,17.00185868,-2.756412105
149523809.5,-2.421134105,16.13534117,-2.735242208
150285714.3,-1.781690428,15.54004442,-2.750137893
151047619,-1.430186896,15.23246457,-2.80463429
151809523.8,-1.29983127,15.14581163,-2.914155949
152571428.6,-1.264430724,15.15389498,-3.074720883
153333333.3,-1.124983965,15.0577155,-3.284833432
154095238.1,-0.831904944,14.80768931,-3.547451792
154857142.9,-0.394864767,14.41348961,-3.884812126
155619047.6,-0.02995369,14.09120875,-4.296297123
156380952.4,0.20053671,13.90314036,-4.788696346
157142857.1,0.259377366,13.88651554,-5.381461242
157904761.9,0.245696084,13.94220846,-6.13264041
158666666.7,0.259515439,13.97019852,-7.170344453
159428571.4,0.441096184,13.83022691,-8.663830528
160190476.2,0.807652779,13.50508107,-10.96175049
160952381,1.142063073,13.21188504,-14.70498897
161714285.7,1.320081796,13.07488594,-17.13641034
162476190.5,1.300820707,13.13497385,-13.93616674
163238095.2,1.134653289,13.34177708,-8.923012696
164000000,1.030637729,13.48623923,-7.239813512
164761904.8,1.427437735,13.12969835,-8.102399875
165523809.5,2.155376528,12.44183293,-9.458808567
166285714.3,2.912307399,11.72479141,-11.12069927
167047619,3.588846488,11.08795931,-12.9134925
167809523.8,3.97218064,10.74415146,-14.64439075
168571428.6,4.130231271,10.62544807,-15.97980786
169333333.3,4.144096243,10.65075291,-16.81046648
170095238.1,4.132072999,10.70177011,-17.07368648
170857142.9,4.147082761,10.72558003,-16.72121903
171619047.6,4.185225567,10.72608418,-16.09761719
172380952.4,4.267242076,10.68254344,-15.39387945
173142857.1,4.398130241,10.58996136,-14.72257313
173904761.9,4.580056407,10.44617308,-14.26792411
174666666.7,4.788883977,10.27531667,-14.16928617
175428571.4,5.003782726,10.09822381,-14.28446377
176190476.2,5.199929179,9.939719408,-14.59767893
176952381,5.327065751,9.850062461,-15.12477421
177714285.7,5.350630652,9.863816155,-15.80790159
178476190.5,5.263958616,9.987647133,-16.32615215
179238095.2,5.106631807,10.18197459,-16.48002416
180000000,4.917492956,10.40795715,-16.06363157
180761904.8,4.713193523,10.64894466,-14.94045785
181523809.5,4.495764869,10.90290708,-13.60821569
182285714.3,4.29563685,11.13941584,-12.21367667
183047619,4.170565832,11.30071585,-10.88757411
183809523.8,4.156222999,11.3511372,-9.769662363
184571428.6,4.230213416,11.31307606,-8.818158982
185333333.3,4.315663286,11.26340745,-7.993207235
186095238.1,4.322195193,11.29251001,-7.27668164
186857142.9,4.119398731,11.53079535,-6.679399502
187619047.6,3.652768137,12.0327704,-6.17985713
188380952.4,2.950081089,12.77065868,-5.754602437
189142857.1,2.118523652,13.63727525,-5.404456204
189904761.9,1.147894164,14.64282293,-5.155606457
190666666.7,0.98345315,14.84204233,-6.207498267
191428571.4,1.488717325,14.37141784,-7.823970745
192190476.2,2.267345604,13.62729165,-9.337934394
192952381,2.95070645,12.97829639,-9.660597186
193714285.7,3.478933518,12.48429947,-9.510489906
194476190.5,3.879065333,12.11826344,-9.276358212
195238095.2,4.212730385,11.81856085,-9.040066129
196000000,4.526563166,11.53855826,-8.868329651
196761904.8,4.737632743,11.36118762,-8.880423276
197523809.5,4.81154125,11.32084781,-9.022855598
198285714.3,4.745536326,11.4202922,-9.275819957
199047619,4.631401608,11.56773813,-9.62041907
199809523.8,4.56594986,11.66637384,-10.05736008
200571428.6,4.591304644,11.67407671,-10.5048082
201333333.3,4.705884511,11.59242917,-10.9428851
202095238.1,4.866847727,11.46427388,-11.35535746
202857142.9,5.048031455,11.31577463,-11.70446011
203619047.6,5.241263233,11.1551048,-12.03880693
204380952.4,5.447226887,10.98158148,-12.3954198
205142857.1,5.644986112,10.81614189,-12.78533813
205904761.9,5.791957506,10.7013703,-13.20833813
206666666.7,5.870364796,10.6550439,-13.69336053
207428571.4,5.886698815,10.67067271,-14.17105138
208190476.2,5.872700514,10.71651666,-14.60493162
208952381,5.826181609,10.79476487,-14.94516111
209714285.7,5.789680251,10.86288006,-15.01209592
210476190.5,5.781560128,10.90249936,-15.13040397
211238095.2,5.838170419,10.87727444,-15.24060459
212000000,5.895148103,10.85156912,-15.24110628
212761904.8,5.916020913,10.86185648,-15.15909282
213523809.5,5.845758005,10.96316818,-15.02858475
214285714.3,5.703797666,11.13606672,-14.88356787
215047619,5.526798059,11.34389471,-14.75475948
215809523.8,5.380114365,11.52129776,-14.68072368
216571428.6,5.311565899,11.62045733,-14.58618111
217333333.3,5.315726201,11.64680062,-14.46059385
218095238.1,5.358151395,11.63477227,-14.28848651
218857142.9,5.402740775,11.62047373,-14.00862051
219619047.6,5.416476692,11.63692339,-13.5742995
220380952.4,5.350228497,11.73325261,-12.98740896
221142857.1,5.118378551,11.99507978,-12.24847962
221904761.9,4.602994531,12.54033791,-11.35739503
222666666.7,3.674672782,13.49843137,-10.34776724
223428571.4,2.407707879,14.7950663,-9.408840234
224190476.2,1.272450489,15.9598927,-8.772505276
224952381,0.950934879,16.31087701,-8.839463522
225714285.7,1.806468327,15.48471261,-10.83232591
226476190.5,3.252790551,14.06766047,-14.58000033
227238095.2,4.53924617,12.81037664,-19.93668111
228000000,5.360661804,12.01803514,-26.6863036
228761904.8,5.755868426,11.65180565,-23.03343381
229523809.5,5.899610794,11.53694408,-19.94422712
230285714.3,5.913636381,11.55170357,-17.70497797
231047619,5.881668549,11.6123614,-16.50117541
231809523.8,5.867632997,11.6549925,-15.98539573
232571428.6,5.877666053,11.67346116,-15.76963377
233333333.3,5.884511638,11.69502407,-15.79330413
234095238.1,5.858862937,11.74898865,-16.01897693
234857142.9,5.794234993,11.84184047,-16.4038289
235619047.6,5.701667574,11.96254035,-16.86644442
236380952.4,5.580496631,12.11175293,-17.39344163
237142857.1,5.464026761,12.2561742,-17.9953803
237904761.9,5.412301388,12.33576131,-18.72084154
238666666.7,5.486977744,12.28885761,-19.63027696
239428571.4,5.667275377,12.13624411,-20.71088099
240190476.2,5.881180323,11.94993534,-21.93280089
240952381,6.071598016,11.78702643,-23.24059976
241714285.7,6.210349738,11.67569664,-24.32692232
242476190.5,6.312629863,11.60075214,-25.13829893
243238095.2,6.392582337,11.54804954,-25.61313603
244000000,6.488446736,11.47934979,-25.69102496
244761904.8,6.594184693,11.40069179,-25.45528946
245523809.5,6.693675777,11.3281965,-25.11236731
246285714.3,6.76072468,11.28805975,-24.89019073
247047619,6.792812101,11.28280135,-24.97232864
247809523.8,6.801753249,11.30060661,-25.38251484
248571428.6,6.794750708,11.33427346,-26.08675568
249333333.3,6.769761109,11.38584575,-27.01062281
250095238.1,6.697123156,11.4849853,-28.22311124
250857142.9,6.55313633,11.6553931,-30.3614759
251619047.6,6.351104289,11.883766,-36.22842057
252380952.4,6.151820366,12.10931113,-38.36400846
253142857.1,6.031420526,12.25589302,-35.03123735
253904761.9,6.01836952,12.2950474,-27.90003658
254666666.7,6.085380658,12.25406142,-23.96091305
255428571.4,6.162366701,12.20302279,-21.16714669
256190476.2,6.190949444,12.20031017,-19.00333272
256952381,6.133290164,12.28376276,-17.12090166
257714285.7,6.004625885,12.43814398,-15.41033001
258476190.5,5.837625027,12.63078586,-13.8203864
259238095.2,5.675322702,12.81865373,-12.34721578
260000000,5.508364462,13.0111025,-10.98684038
260761904.8,5.24165234,13.30323055,-9.822127289
261523809.5,4.768035134,13.80218954,-8.793241217
262285714.3,4.063261747,14.53223099,-7.910951846
263047619,3.198709091,15.42197841,-7.193804027
263809523.8,2.339571622,16.30623778,-6.832350706
264571428.6,1.81816921,16.85268964,-7.022332715
265333333.3,1.811206289,16.88462997,-7.851954516
266095238.1,2.328754824,16.39198723,-9.349855943
266857142.9,3.163416513,15.58216012,-11.42326262
267619047.6,3.954015423,14.81632499,-12.9785246
268380952.4,4.559832323,14.23520147,-14.00187886
269142857.1,4.943110197,13.87654697,-14.56689087
269904761.9,5.154743801,13.68946714,-14.93254183
270666666.7,5.239953087,13.6287424,-15.23340957
271428571.4,5.261134068,13.63197715,-15.38694966
272190476.2,5.291841884,13.62561662,-15.39664815
272952381,5.389337607,13.55240013,-15.29699191
273714285.7,5.560016342,13.40593295,-15.05157096
274476190.5,5.759312101,13.23078145,-14.78283231
275238095.2,5.903684285,13.11048659,-14.51677042
276000000,5.942263001,13.09591864,-14.27454947
276761904.8,5.90046876,13.16165746,-14.18726987
277523809.5,5.879358582,13.20664639,-14.205697
278285714.3,5.98232843,13.12748982,-14.35554959
279047619,6.212836041,12.92073038,-14.64495284
279809523.8,6.484449748,12.6728001,-14.9431924
280571428.6,6.676512757,12.50435611,-15.42367137
281333333.3,6.723891166,12.48053267,-16.06122609
282095238.1,6.638886924,12.58902818,-16.83284874
282857142.9,6.479069717,12.77227329,-17.67598325
283619047.6,6.33655426,12.93815363,-18.64520762
284380952.4,6.26506467,13.03294542,-19.58221091
285142857.1,6.286826876,13.03442306,-20.41310634
285904761.9,6.367654547,12.97677323,-21.04991556
286666666.7,6.462902928,12.904641,-21.74056184
287428571.4,6.541044418,12.84955431,-22.37460528
288190476.2,6.602984122,12.81060837,-23.03728769
288952381,6.66791901,12.76860654,-23.93590591
289714285.7,6.742736343,12.71666187,-25.1240591
290476190.5,6.805338746,12.67687206,-26.24839012
291238095.2,6.826557766,12.67840587,-27.34514445
292000000,6.780569296,12.74708773,-28.49095439
292761904.8,6.670185504,12.88010578,-29.7702433
293523809.5,6.499708842,13.07315786,-31.34229001
294285714.3,6.304770071,13.29061354,-32.98784592
295047619,6.128893078,13.48894921,-34.35647777
295809523.8,6.028622733,13.61162031,-33.06031179
296571428.6,6.021475129,13.64111105,-30.37972278
297333333.3,6.094675639,13.59019635,-27.37290111
298095238.1,6.202066936,13.50503383,-24.62940488
298857142.9,6.303090978,13.42618183,-22.5120115
299619047.6,6.365624705,13.38576368,-20.73782401
300380952.4,6.374532413,13.39891539,-19.2474091
301142857.1,6.309749283,13.48570205,-18.01213707
301904761.9,6.18356712,13.63383214,-16.99600893
302666666.7,6.023998694,13.81529318,-16.14962247
303428571.4,5.880942979,13.98018647,-15.36575859
304190476.2,5.745752897,14.13715936,-14.63837057
304952381,5.594844312,14.30979626,-13.99110471
305714285.7,5.410926467,14.5153882,-13.38221606
306476190.5,5.196944282,14.75099053,-12.76934182
307238095.2,4.933777441,15.03572384,-12.17911569
308000000,4.57634297,15.41467136,-11.64735359
308761904.8,4.085028744,15.92744548,-11.08823985
309523809.5,3.509032738,16.5248485,-10.54911764
310285714.3,3.020019396,17.03521622,-10.08916072
311047619,2.795908056,17.28062957,-9.783470772
311809523.8,2.966240299,17.13154722,-10.03983018
312571428.6,3.467159643,16.65182591,-11.09213594
313333333.3,4.127442904,16.01268907,-12.94108988
314095238.1,4.757649487,15.40357756,-15.62970164
314857142.9,5.275206629,14.90706437,-19.41392358
315619047.6,5.615048757,14.58821534,-24.02948736
316380952.4,5.796901804,14.42730478,-26.76098163
317142857.1,5.874479796,14.37061889,-26.78520272
317904761.9,5.898663986,14.36727668,-24.07354983
318666666.7,5.903738644,14.38299411,-22.15115981
319428571.4,5.908989633,14.39848555,-20.7602763
320190476.2,5.958549195,14.36961901,-19.78670652
320952381,6.096609471,14.25220257,-19.08798372
321714285.7,6.318475696,14.05093123,-18.59529279
322476190.5,6.550880263,13.83907283,-18.21419433
323238095.2,6.723331392,13.68711939,-17.92109192
324000000,6.82450516,13.60639504,-17.69240957
324761904.8,6.887429434,13.56387216,-17.40778887
325523809.5,6.944493729,13.52716146,-17.15328098
326285714.3,6.985585703,13.50637549,-16.91637632
327047619,6.998438076,13.51378176,-16.6965556
327809523.8,6.963134885,13.56929645,-16.63510423
328571428.6,6.866951008,13.68564491,-16.66394658
329333333.3,6.697267453,13.87544634,-16.80224357
330095238.1,6.463437818,14.12934737,-17.0613618
330857142.9,6.190764565,14.42204574,-17.4520182
331619047.6,5.931367876,14.70142148,-17.95972412
332380952.4,5.725715521,14.92700704,-18.56741733
333142857.1,5.602470934,15.07013919,-19.25992225
333904761.9,5.538005082,15.15444717,-20.00371588
334666666.7,5.495479709,15.21676945,-20.86133675
335428571.4,5.446759415,15.28524164,-21.7919144
336190476.2,5.403703004,15.34800512,-22.80498468
336952381,5.39488677,15.37648382,-23.93324277
337714285.7,5.427129287,15.36385936,-25.09216027
338476190.5,5.477329213,15.33323327,-25.75631178
339238095.2,5.507048788,15.32304353,-25.80330561
340000000,5.496584235,15.35299411,-25.14834168
340761904.8,5.436984855,15.43203589,-23.44943286
341523809.5,5.344726959,15.54369276,-21.71220931
342285714.3,5.247084355,15.66069112,-20.03957112
343047619,5.177336764,15.74975142,-18.53038445
343809523.8,5.141108847,15.80524921,-17.422942
344571428.6,5.110063398,15.85552187,-16.63824443
345333333.3,5.058390356,15.92637966,-16.18902096
346095238.1,5.003777242,16.00013524,-16.09298745
346857142.9,4.971760514,16.05125233,-16.41825145
347619047.6,5.038137164,16.00393414,-17.0731994
348380952.4,5.192809606,15.86827844,-17.97045753
349142857.1,5.427616775,15.65244646,-19.02506691
349904761.9,5.618721078,15.48027598,-20.04120484
350666666.7,5.706762792,15.41112691,-20.73772797
351428571.4,5.657220107,15.47952124,-20.94834967
352190476.2,5.504731077,15.65082108,-20.62698387
352952381,5.271795979,15.90252634,-19.73688726
353714285.7,5.008594907,16.1844571,-18.47534433
354476190.5,4.788934689,16.42280671,-17.182157
355238095.2,4.701863113,16.52852754,-15.93216169
356000000,4.769169396,16.47983056,-14.78627217
356761904.8,4.963152122,16.30441736,-13.81301345
357523809.5,5.21520982,16.07088956,-12.92575849
358285714.3,5.46991419,15.83467565,-12.11931347
359047619,5.665919369,15.65712165,-11.3865679
359809523.8,5.765077239,15.57637585,-10.71638095
360571428.6,5.737513768,15.62231244,-10.09500364
361333333.3,5.576638125,15.80152242,-9.515777144
362095238.1,5.283816541,16.11263973,-8.977981988
362857142.9,4.880964677,16.53374886,-8.497277883
363619047.6,4.415007262,17.01792524,-8.055060707
364380952.4,3.901555115,17.54955822,-7.665766935
365142857.1,3.337142591,18.1321136,-7.35370132
365904761.9,2.703532538,18.78382869,-7.185443229
366666666.7,2.204718263,19.30071035,-7.301640887
367428571.4,2.054620016,19.46883847,-7.807645449
368190476.2,2.341404054,19.20004696,-8.742578243
368952381,2.799643892,18.75976245,-10.14956488
369714285.7,3.210782267,18.36654237,-12.11941067
370476190.5,3.487191249,18.1080148,-14.27128076
371238095.2,3.748685112,17.8643656,-16.4229391
372000000,4.032910567,17.59794823,-18.38339112
372761904.8,4.288676978,17.35995347,-19.31683167
373523809.5,4.451979464,17.21438634,-19.56640811
374285714.3,4.525471963,17.15859306,-19.27950451
375047619,4.561603216,17.14012504,-18.61176102
375809523.8,4.61727006,17.10208558,-17.87223717
376571428.6,4.725135842,17.01181148,-17.19970611
377333333.3,4.896633023,16.85787042,-16.60323228
378095238.1,5.121565491,16.65045866,-16.08646412
378857142.9,5.39816375,16.39134584,-15.64409886
379619047.6,5.689624055,16.11733585,-15.29759147
380380952.4,5.964253752,15.86012148,-15.04224482
381142857.1,6.156298604,15.6854571,-14.89145337
381904761.9,6.256304299,15.60279717,-14.89456235
382666666.7,6.257196898,15.61921577,-15.0152927
383428571.4,6.177211648,15.71647778,-15.25182021
384190476.2,6.030191068,15.88074083,-15.5935041
384952381,5.83148912,16.09665108,-16.01967085
385714285.7,5.624748415,16.32056607,-16.57328968
386476190.5,5.390239299,16.57221557,-17.25574643
387238095.2,5.135234848,16.84432666,-18.00613869
388000000,4.885272416,17.1113621,-18.74713882
388761904.8,4.769882831,17.2437912,-19.59836828
389523809.5,4.846903233,17.18377695,-20.57098054
390285714.3,5.048401948,16.99925115,-21.59225248
391047619,5.238474045,16.82611887,-22.60803173
391809523.8,5.328324885,16.75317488,-23.70427896
392571428.6,5.337879332,16.76049444,-24.70946528
393333333.3,5.319181397,16.79603365,-25.53714404
394095238.1,5.324197238,16.80782651,-26.15948577
394857142.9,5.361284555,16.78751542,-26.66885366
395619047.6,5.418682216,16.74686165,-26.90607118
396380952.4,5.480137991,16.70211754,-26.76460426
397142857.1,5.551846027,16.64708909,-26.2447098
397904761.9,5.645004198,16.57057853,-25.45377819
398666666.7,5.771554622,16.46064388,-24.46935082
399428571.4,5.93172585,16.31705669,-23.42799197
400190476.2,6.100899977,16.164435,-22.3467672
400952381,6.227938667,16.05391727,-21.21428617
401714285.7,6.281521766,16.01682376,-20.27261223
402476190.5,6.251971573,16.0628323,-19.35219877
403238095.2,6.168198773,16.16303232,-18.46935085
404000000,6.043150579,16.30447672,-17.65787435
404761904.8,5.911969565,16.45202305,-16.90242115
405523809.5,5.781716046,16.59861111,-16.24115517
406285714.3,5.66950962,16.72712142,-15.64155573
407047619,5.539074702,16.87382967,-15.0776732
407809523.8,5.378410482,17.0507368,-14.57819009
408571428.6,5.177857197,17.26750267,-14.13682488
409333333.3,4.994044855,17.46749739,-13.74856496
410095238.1,4.870992294,17.60670223,-13.40625674
410857142.9,4.820572221,17.67324461,-13.08201633
411619047.6,4.784581813,17.72532746,-12.7686162
412380952.4,4.721289658,17.80468229,-12.47279811
413142857.1,4.637483135,17.90452184,-12.19979661
413904761.9,4.606169232,17.95183923,-11.96031856
414666666.7,4.665112697,17.90886982,-11.73845019
415428571.4,4.792846085,17.79708116,-11.53270364
416190476.2,4.909610919,17.69623184,-11.32279574
416952381,4.957766387,17.66396278,-11.0686561
417714285.7,4.911407005,17.72617956,-10.81988555
418476190.5,4.7712152,17.88219987,-10.55998654
419238095.2,4.54471271,18.12450207,-10.290213
420000000,4.300306096,18.38467971,-10.01387756
420761904.8,4.124439413,18.57628884,-9.736950672
421523809.5,4.054835885,18.66160633,-9.468381996
422285714.3,4.069051106,18.66307669,-9.213562597
423047619,4.102089408,18.64569569,-8.976969969
423809523.8,4.167403396,18.59601084,-8.765026716
424571428.6,4.223349865,18.55566544,-8.547608194
425333333.3,4.242191001,18.55239739,-8.315507495
426095238.1,4.169186821,18.64094679,-8.064927543
426857142.9,4.013387071,18.81226399,-7.800706617
427619047.6,3.802918217,19.03822262,-7.537616774
428380952.4,3.557516165,19.29908688,-7.307438563
429142857.1,3.281330683,19.59070708,-7.133335944
429904761.9,2.962857598,19.92458752,-7.06074158
430666666.7,2.605263241,20.29756194,-7.223111942
431428571.4,2.243200687,20.67497737,-7.632078342
432190476.2,1.958105571,20.97539828,-8.317470585
432952381,1.847423286,21.10137936,-9.335071177
433714285.7,2.018508532,20.94556601,-10.63956459
434476190.5,2.4562885,20.52303114,-12.01670534
435238095.2,3.075877384,19.91866064,-13.39641278
436000000,3.735361807,19.27436798,-14.71111903
436761904.8,4.343342087,18.68155294,-15.72867584
437523809.5,4.870100586,18.16993325,-16.4829419
438285714.3,5.334900872,17.72024543,-16.94137379
439047619,5.709373745,17.36085878,-17.08783035
439809523.8,5.956412533,17.12888006,-16.95857055
440571428.6,6.048146317,17.05218027,-16.80463256
441333333.3,6.013793718,17.10154089,-16.66628228
442095238.1,5.887273814,17.24304293,-16.56923304
442857142.9,5.730612718,17.41466036,-16.54696707
443619047.6,5.595145158,17.56505854,-16.57526285
444380952.4,5.530360587,17.64474812,-16.60697801
445142857.1,5.497169606,17.69281857,-16.63377139
445904761.9,5.431865669,17.77297654,-16.67498146
446666666.7,5.235479023,17.98419185,-16.70043834
447428571.4,4.909940965,18.3245333,-16.75226885
448190476.2,4.529711033,18.71954144,-16.83441439
448952381,4.296241885,18.9677637,-16.94071549
449714285.7,4.306453548,18.97228013,-17.08993267
450476190.5,4.570230051,18.72320678,-17.29468753
451238095.2,4.918839462,18.38927568,-17.5431794
452000000,5.246617944,18.07615075,-17.81835954
452761904.8,5.469388425,17.86800914,-18.1963872
453523809.5,5.595523761,17.75647808,-18.55528752
454285714.3,5.66047533,17.70610627,-18.88641171
455047619,5.727061892,17.65407503,-19.17453824
455809523.8,5.848831341,17.54683656,-19.29474648
456571428.6,6.013138109,17.3970365,-19.30261949
457333333.3,6.173296767,17.25136037,-19.25085457
458095238.1,6.279539281,17.15957627,-19.17842247
458857142.9,6.338492597,17.11505733,-19.16105583
459619047.6,6.376995535,17.09096484,-19.23672445
460380952.4,6.421333679,17.06101326,-19.41752328
461142857.1,6.450035752,17.04667397,-19.71037124
461904761.9,6.433321983,17.07772681,-20.12623651
462666666.7,6.342721748,17.18264248,-20.62479197
463428571.4,6.183015018,17.35664109,-21.18073433
464190476.2,5.977399894,17.57652462,-21.76191817
464952381,5.758098109,17.81007141,-22.31248705
465714285.7,5.555199757,18.02719144,-22.8232367
466476190.5,5.386580723,18.21000891,-23.26046465
467238095.2,5.276675238,18.33408966,-23.5705897
468000000,5.230146,18.39477106,-23.69463291
468761904.8,5.253326845,18.38571936,-23.64482757
469523809.5,5.342560739,18.31059166,-23.46550254
470285714.3,5.515207644,18.15202809,-23.19398646
471047619,5.765476905,17.91581935,-22.86138383
471809523.8,6.052155551,17.64317851,-22.44544468
472571428.6,6.330696946,17.37865227,-22.05539215
473333333.3,6.556680143,17.16666165,-21.68567931
474095238.1,6.724064043,17.01324782,-21.32246387
474857142.9,6.810283505,16.940976,-20.89933285
475619047.6,6.829118266,16.93606651,-20.50365384
476380952.4,6.796132134,16.98295563,-20.08597713
477142857.1,6.748549968,17.04441857,-19.63738666
477904761.9,6.685125962,17.1217012,-19.17761191
478666666.7,6.586662148,17.23400156,-18.70575503
479428571.4,6.428155052,17.40632319,-18.19500267
480190476.2,6.223976933,17.62429391,-17.63860696
480952381,6.018102527,17.84393905,-17.03200999
481714285.7,5.847060849,18.02872967,-16.41028218
482476190.5,5.717555552,18.17196218,-15.76850207
483238095.2,5.614916806,18.28830647,-15.12928316
484000000,5.53323885,18.38366838,-14.5208364
484761904.8,5.460458844,18.47011082,-13.95841977
485523809.5,5.366996312,18.57721433,-13.44510012
486285714.3,5.216406879,18.74142335,-12.98043018
487047619,5.03516826,18.93626023,-12.56299324
487809523.8,4.899535689,19.08546981,-12.19572895
488571428.6,4.880988218,19.1175731,-11.87760233
489333333.3,4.962046018,19.05005,-11.5942883
490095238.1,5.074674595,18.95093506,-11.33815979
490857142.9,5.186381271,18.85272103,-11.10642967
491619047.6,5.313524095,18.73904993,-10.90844394
492380952.4,5.496294814,18.56973007,-10.72129216
493142857.1,5.711446027,18.36800891,-10.53397316
493904761.9,5.896505698,18.19635857,-10.33272686
494666666.7,5.982744835,18.12350809,-10.11494448
495428571.4,5.951511788,18.16810919,-9.894155197
496190476.2,5.818101253,18.31486723,-9.673316465
496952381,5.619177228,18.52711829,-9.453833443
497714285.7,5.398850032,18.76075209,-9.227103238
498476190.5,5.140384513,19.03250387,-9.001513853
499238095.2,4.878206353,19.307948,-8.77923926
500000000,4.61475317,19.58464692,-8.562113572
500000000,4.594860372,19.60453972,-8.562113572
504920634.9,4.386031347,19.89843105,-7.813577189
509841269.8,4.72010401,19.64859573,-12.89684063
514761904.8,5.503927844,18.94820014,-18.24442621
519682539.7,6.186253772,18.34850874,-17.16587273
524603174.6,6.519250558,18.09736773,-16.10229292
529523809.5,6.594452621,18.10325723,-17.66357016
534444444.4,6.603954657,18.17409668,-21.84229808
539365079.4,6.492206606,18.3654499,-25.85137626
544285714.3,6.375520478,18.56101823,-27.41857459
549206349.2,6.279120718,18.73559027,-27.66489879
554126984.1,6.314363571,18.77782242,-24.29716346
559047619,6.261915992,18.90706005,-20.26157908
563968254,6.157432551,19.08766061,-16.43411891
568888888.9,6.028742257,19.29180677,-13.35217293
573809523.8,5.944899357,19.45045569,-11.64876972
578730158.7,5.84734547,19.62217683,-10.28267619
583650793.7,5.628033488,19.91502812,-9.220725098
588571428.6,5.352928002,20.26305552,-8.305280977
593492063.5,5.207843348,20.48045497,-8.99123289
598412698.4,5.331845097,20.42817092,-14.25907762
603333333.3,5.663206008,20.1679404,-18.16193096
608253968.3,6.219600909,19.68209811,-17.04855348
613174603.2,6.510333847,19.46134933,-16.9098025
618095238.1,6.618323015,19.42278494,-18.8531668
623015873,6.539883356,19.57009888,-20.66535125
627936507.9,6.616059225,19.56225544,-23.02219323
632857142.9,6.640303061,19.60581066,-24.4138321
637777777.8,6.579069179,19.73431848,-24.07178222
642698412.7,6.42098465,19.9591599,-20.85258195
647619047.6,6.299709038,20.14668324,-18.60080853
652539682.5,6.171847161,20.34029139,-17.04724732
657460317.5,5.992861873,20.58452903,-16.27572934
662380952.4,5.846498377,20.79565833,-16.06140369
667301587.3,5.629339171,21.07710399,-14.37935935
672222222.2,5.41027344,21.35998386,-12.26185115
677142857.1,5.184383404,21.64922263,-10.92613598
682063492.1,5.143543622,21.75295246,-9.938121859
686984127,5.015966111,21.94296794,-9.017949131
691904761.9,4.839046551,22.18187984,-8.540594457
696825396.8,4.945317452,22.13716196,-9.738108017
701746031.7,5.359094328,21.78450498,-13.54203287
706666666.7,6.062911821,21.1413803,-15.95065872
711587301.6,6.68797696,20.57658683,-17.27110026
716507936.5,6.95567746,20.36874265,-19.31452664
721428571.4,6.939499118,20.44436764,-21.57968637
726349206.3,6.895986238,20.54692309,-23.72046343
731269841.3,6.831809818,20.66974344,-24.25399399
736190476.2,6.754182576,20.80562132,-24.42135139
741111111.1,6.599689479,21.01797701,-22.9583071
746031746,6.425787475,21.24935869,-20.61086728
750952381,6.294557951,21.43769002,-19.04618566
755873015.9,6.219093333,21.5698835,-18.01223161
760793650.8,6.148944624,21.69639297,-17.60751272
765714285.7,5.987967357,21.91336764,-17.16434424
770634920.6,5.741468616,22.21550508,-16.33431402
775555555.6,5.525531722,22.48672654,-14.9947837
780476190.5,5.406948714,22.66024446,-13.77033788
785396825.4,5.426941461,22.69484137,-12.99788122
790317460.3,5.510294281,22.66573726,-12.43843181
795238095.2,5.3669926,22.86295093,-11.71763284
800158730.2,4.979943896,23.30357906,-10.90767524
805079365.1,4.368758494,23.96801541,-10.15367597
810000000,3.873497193,24.51620318,-9.307170866
814920634.9,3.636919941,24.80538636,-8.856648451
819841269.8,3.930302837,24.56429269,-10.47236145
824761904.8,4.516268137,24.03030372,-13.87401145
829682539.7,5.114178828,23.48406018,-16.4430916
834603174.6,5.508614774,23.14098587,-17.43357662
839523809.5,5.791645886,22.90901447,-18.38421985
844444444.4,6.010583579,22.74083808,-19.73263407
849365079.4,6.200626063,22.60126197,-21.97233649
854285714.3,6.305558542,22.54650434,-25.75463677
859206349.2,6.317058667,22.58489089,-30.79011421
864126984.1,6.20341655,22.74813479,-30.0417585
869047619,6.075580648,22.92529083,-25.90680053
873968254,5.888595927,23.16131723,-23.18949533
878888888.9,5.826976878,23.2717026,-20.74251221
883809523.8,5.726711149,23.42046239,-17.65663158
888730158.7,5.742788842,23.45260952,-15.86910289
893650793.7,5.741959643,23.50139726,-15.34262998
898571428.6,5.715161019,23.57589109,-15.03599177
903492063.5,5.523775074,23.81471177,-14.64289391
908412698.4,5.162176617,24.22348731,-14.20729647
913333333.3,4.989479306,24.44310686,-13.99816757
918253968.3,5.050571215,24.42868506,-13.78019978
923174603.2,5.411180777,24.11449619,-13.4801903
928095238.1,5.506122201,24.06572869,-13.05466927
933015873,5.369670117,24.24811053,-12.29941764
937936507.9,5.051156055,24.61231276,-11.47636108
942857142.9,4.864262511,24.8446554,-10.54659104
947777777.8,4.782221242,24.97190919,-9.468701517
952698412.7,4.813219632,24.9858892,-8.717973538
957619047.6,4.861158377,24.98269714,-9.08103439
962539682.5,5.035101176,24.85327169,-10.59412599
967460317.5,5.333337624,24.59932559,-12.38523253
972380952.4,5.814452525,24.16227633,-13.90917197
977301587.3,6.215125767,23.80544632,-15.37060034
982222222.2,6.472666997,23.59152811,-16.83448805
987142857.1,6.552245778,23.55535437,-18.2828193
992063492.1,6.578881522,23.57190784,-19.90209539
996984127,6.628110762,23.56565412,-22.04888764
1001904762,6.636589673,23.59993914,-23.76730243
1006825397,6.60893574,23.6701475,-23.29557851
1011746032,6.516349269,23.80508092,-21.50432345
1016666667,6.342400269,24.02117142,-20.20746473
1021587302,6.137511484,24.26799824,-19.49795236
1026507937,5.847320335,24.5999259,-18.59939382
1031428571,5.678893909,24.80988924,-17.7671294
1036349206,5.61967239,24.91044999,-17.30639324
1041269841,5.744539956,24.82672584,-17.00276775
1046190476,5.839408687,24.77280656,-16.8206513
1051111111,5.909004575,24.74396796,-16.70190531
1056031746,5.914331015,24.77920846,-16.47514371
1060952381,5.869188321,24.86472951,-15.89665431
1065873016,5.843109764,24.93099959,-15.3054684
1070793651,5.792436668,25.02167908,-14.72609696
1075714286,5.777918114,25.07602061,-13.87031382
1080634921,5.660350471,25.23322948,-13.11101618
1085555556,5.43784701,25.49519408,-12.37296606
1090476190,5.079703106,25.89262065,-11.47855335
1095396825,4.714385542,26.29704402,-10.77655583
1100317460,4.411195193,26.6391649,-10.24311417
1105238095,4.030202848,27.05891407,-9.729323226
1110158730,3.613042261,27.51465931,-9.398996249
1115079365,3.258735458,27.90738012,-9.594038414
1120000000,3.1891996,28.01516085,-10.5902818
1124920635,3.479583315,27.76285435,-12.50166505
1129841270,3.979429203,27.30091948,-14.72390097
1134761905,4.443438339,26.87465661,-16.65069219
1139682540,4.745131039,26.61054686,-18.16955202
1144603175,4.877877492,26.51522143,-18.94354471
1149523810,4.926319759,26.50403966,-19.37056149
1154444444,4.961911302,26.50554946,-19.90123896
1159365079,5.057128043,26.44727626,-20.82347822
1164285714,5.236993227,26.30419815,-21.956085
1169206349,5.427853803,26.1499695,-23.34687834
1174126984,5.518167002,26.09613438,-25.44736848
1179047619,5.515822795,26.13480412,-27.18453155
1183968254,5.541816331,26.14498482,-26.16181851
1188888889,5.674937049,26.04788832,-24.00405163
1193809524,5.836746553,25.92195423,-21.70951016
1198730159,5.884291879,25.91013676,-20.13974148
1203650794,5.84510738,25.98490275,-18.82225349
1208571429,5.782370957,26.0830755,-17.37921901
1213492063,5.804289751,26.09644905,-15.94460048
1218412698,5.759327524,26.17656081,-14.80489592
1223333333,5.71222711,26.25866908,-14.27996327
1228253968,5.562693391,26.44307013,-14.06314296
1233174603,5.541510806,26.49898063,-13.99467054
1238095238,5.520123716,26.55495735,-14.16800781
1243015873,5.561330452,26.54820304,-14.47298789
1247936508,5.3920226,26.7518272,-14.54064975
1252857143,5.093143929,27.08488714,-14.39854735
1257777778,4.737543968,27.47453438,-14.40437788
1262698413,4.595845401,27.65014729,-14.54925911
1267619048,4.474428905,27.80534622,-14.35474362
1272539683,4.247218863,28.06620782,-13.87133316
1277460317,3.88386017,28.46308819,-13.13667037
1282380952,3.738119883,28.64222129,-12.34373279
1287301587,3.720416953,28.69318914,-11.42458449
1292222222,3.621856584,28.82488752,-10.57895302
1297142857,3.303740964,29.17601521,-9.862759619
1302063492,3.019208711,29.49343453,-9.420800742
1306984127,2.937952324,29.60745394,-9.450682615
1311904762,3.129355376,29.44869079,-10.07067817
1316825397,3.502155512,29.10840837,-11.10683125
1321746032,4.091993868,28.55096644,-12.23980759
1326666667,4.566914371,28.10832198,-13.07731903
1331587302,4.885686184,27.82170671,-13.80283257
1336507937,4.979760231,27.75967061,-14.64142905
1341428571,5.051274859,27.72007619,-15.37093247
1346349206,5.016285145,27.78686923,-16.07898864
1351269841,4.986593615,27.84824806,-16.6638479
1356190476,5.025769593,27.84064421,-17.04633397
1361111111,5.177796654,27.72007493,-17.19821455
1366031746,5.352415849,27.5768,-17.27591361
1370952381,5.4942275,27.4662199,-17.50313328
1375873016,5.630255577,27.36131149,-17.76768354
1380793651,5.823170882,27.19940475,-18.34389937
1385714286,5.957464279,27.09600961,-19.52558484
1390634921,6.094063016,26.9901996,-20.92266873
1395555556,6.128836983,26.98610562,-21.64867995
1400476190,6.163420691,26.9820939,-21.23358405
1405396825,6.050296682,27.12568268,-20.791247
1410317460,5.861540422,27.34479723,-19.86481106
1415238095,5.689790678,27.54679953,-18.58925006
1420158730,5.655727562,27.6110102,-17.61904575
1425079365,5.704902761,27.59187827,-16.63431826
1430000000,5.66844277,27.65827798,-15.77052186
1434920635,5.544971618,27.811586,-15.19941527
1439841270,5.421892596,27.96439975,-14.70862446
1444761905,5.269506994,28.14641864,-14.52875842
1449682540,5.203679294,28.24177887,-14.59953427
1454603175,5.075506112,28.39938451,-14.75819517
1459523810,5.087196543,28.41702714,-14.88671119
1464444444,5.014763379,28.51869464,-14.95902301
1469365079,5.067220343,28.49537394,-15.02316459
1474285714,5.04478872,28.54684443,-15.01640925
1479206349,4.963764892,28.65681035,-14.80818584
1484126984,4.795468984,28.85395224,-14.45540159
1489047619,4.563406578,29.11476515,-13.86193214
1493968254,4.444413273,29.26241411,-12.98760794
1498888889,4.290300688,29.44508812,-12.05131608
1503809524,4.154632856,29.60922376,-11.20929181
1508730159,4.020057765,29.77217367,-10.4673511
1513650794,3.862149243,29.95836462,-9.898153659
1518571429,3.822337093,30.0263674,-9.660579554
1523492063,3.556853016,30.31995091,-9.609207273
1528412698,3.24472497,30.66008778,-9.925460437
1533333333,2.865154928,31.06757661,-10.66109961
1538253968,2.857551076,31.10300981,-11.82575696
1543174603,3.154438966,30.83386238,-13.270351
1548095238,3.638372112,30.37758138,-14.90142807
1553015873,4.111027643,29.93249025,-16.68761616
1557936508,4.430397973,29.64059712,-18.22794369
1562857143,4.56552207,29.53286357,-19.5581145
1567777778,4.541686198,29.58400389,-20.77556848
1572698413,4.458674757,29.69423421,-21.55219918
1577619048,4.448166051,29.73187677,-21.98328485
1582539683,4.449482697,29.75760948,-22.34312928
1587460317,4.620112291,29.61394527,-22.67304156
1592380952,4.779471018,29.48146846,-23.05179128
1597301587,4.947986742,29.33975172,-23.7535062
1602222222,4.936194363,29.37826066,-25.33293859
1607142857,4.961134293,29.37995536,-27.72848494
1612063492,5.073749014,29.29389384,-30.29275881
1616984127,5.18101833,29.2130968,-32.0412352
1621904762,5.20514992,29.21535706,-30.38193946
1626825397,5.143101617,29.30371726,-26.88179856
1631746032,5.193022177,29.28002913,-23.75202727
1636666667,5.215565438,29.28363931,-21.2741939
1641587302,5.164840996,29.36043868,-19.49022843
1646507937,5.025573153,29.52570342,-18.26682832
1651428571,4.929173051,29.64802283,-17.21037985
1656349206,4.946046146,29.65699193,-16.20121539
1661269841,4.981145589,29.64765803,-15.35329198
1666190476,5.040853026,29.61363993,-14.67593964
1671111111,5.085877152,29.59422938,-14.43987677
1676031746,4.96592634,29.73971847,-14.54181009
1680952381,4.785902472,29.94520574,-14.58817512
1685873016,4.530833396,30.22566379,-14.47598364
1690793651,4.4917965,30.29001567,-14.20502138
1695714286,4.370518624,30.43653495,-14.06712038
1700634921,4.279043839,30.55317801,-14.03452676
1705555556,4.188145317,30.66917209,-14.13357662
1710476190,4.314107044,30.56823362,-14.22349852
1715396825,4.468583894,30.43870815,-14.20685637
1720317460,4.631306821,30.30086512,-14.11592386
1725238095,4.777088195,30.17989259,-14.04714394
1730158730,4.898789486,30.08292948,-13.96339219
1735079365,4.891287255,30.11509964,-13.6773442
1740000000,4.769194066,30.2617909,-13.29528364
1744920635,4.611495226,30.44401834,-13.03446899
1749841270,4.519108018,30.56086508,-12.72979248
1754761905,4.403306734,30.70105722,-12.42965464
1759682540,4.33188534,30.79680116,-12.22012646
1764603175,4.20542445,30.94751667,-11.92796586
1769523810,3.996132988,31.18099522,-11.55232112
1774444444,3.777024904,31.42422323,-11.13292942
1779365079,3.609991357,31.61530991,-10.6958882
1784285714,3.69450055,31.55478742,-10.35513055
1789206349,3.838182077,31.43502654,-10.14178894
1794126984,3.972710123,31.32435344,-10.1395329
1799047619,4.029914642,31.29093854,-10.30906316
1803968254,4.158255254,31.18632256,-10.59259927
1808888889,4.392911933,30.97532589,-10.99269118
1813809524,4.642410929,30.74942263,-11.42046826
1818730159,4.880456251,30.53490912,-11.7971064
1823650794,5.000775913,30.43805769,-12.12692169
1828571429,5.101270064,30.36096853,-12.56065399
1833492063,5.117627294,30.36795339,-13.13723009
1838412698,5.237388783,30.27147144,-13.7732738
1843333333,5.409242473,30.12283506,-14.46906626
1848253968,5.493758896,30.06147405,-15.22440619
1853174603,5.398895364,30.17943143,-15.86868761
1858095238,5.148241493,30.45311791,-16.3304635
1863015873,4.927742589,30.69658851,-16.57047178
1867936508,4.766460686,30.88078152,-16.79811343
1872857143,4.694762729,30.9753303,-16.98046146
1877777778,4.719135843,30.97374806,-17.07561424
1882698413,4.768762308,30.94685282,-17.09812347
1887619048,4.814294249,30.92399277,-17.01294928
1892539683,4.682152633,31.07874726,-16.92937978
1897460317,4.663475678,31.11997836,-16.80667413
1902380952,4.75576351,31.05018627,-16.70616167
1907301587,5.019169253,30.80921815,-16.80054865
1912222222,5.13818077,30.71258645,-17.28612506
1917142857,5.122730284,30.75035923,-17.97989547
1922063492,5.088705379,30.80664922,-18.64547583
1926984127,5.002327655,30.91523509,-19.03730089
1931904762,4.919414687,31.02029957,-19.05565545
1936825397,4.812712761,31.14909666,-19.04476102
1941746032,4.734922122,31.2489264,-18.89676692
1946666667,4.691623229,31.31420862,-18.36310192
1951587302,4.633663647,31.39409603,-17.63832412
1956507937,4.692084525,31.35754775,-17.03355631
1961428571,4.61686299,31.45458695,-16.39843832
1966349206,4.479952305,31.61326064,-15.62863496
1971269841,4.327115228,31.78780632,-15.0006728
1976190476,4.376909149,31.75966689,-14.48253436
1981111111,4.494389299,31.66378738,-14.1646424
1986031746,4.581879318,31.59784441,-14.22076425
1990952381,4.668010469,31.53320699,-14.38624148
1995873016,4.724682471,31.49797566,-14.66298696
2000793651,4.706966677,31.53707933,-15.04330844
2005714286,4.529966693,31.73541466,-15.44812946
2010634921,4.391247853,31.89541657,-15.71313855
2015555556,4.303741296,32.00415417,-15.8240735
2020476190,4.244814419,32.08426032,-15.87564244
2025396825,4.197710571,32.15249193,-15.86847878
2030317460,4.21535357,32.15592542,-15.5992561
2035238095,4.354918467,32.037386,-15.10828027
2040158730,4.437343011,31.97593615,-14.49409799
2045079365,4.489302759,31.94490058,-13.85179295
2050000000,4.499209206,31.95586802,-13.20295466
2054920635,4.517429596,31.95847147,-12.6213247
2059841270,4.485766333,32.01090877,-12.19009181
2064761905,4.289073563,32.22832601,-11.91982247
2069682540,4.03089594,32.50717878,-11.72241584
2074603175,3.66061129,32.89808947,-11.59785164
2079523810,3.294150287,33.28512766,-11.63355458
2084444444,2.965538954,33.63426754,-11.85796682
2089365079,2.658696581,33.96159006,-12.10000591
2094285714,2.492064279,34.14865433,-12.34210634
2099206349,2.395677568,34.26542506,-12.67539543
2104126984,2.54233121,34.13910771,-13.08848681
2109047619,2.746861951,33.95486576,-13.53163695
2113968254,2.993801272,33.72816795,-14.03556946
2118888889,3.154013695,33.58814998,-14.61419298
2123809524,3.331851821,33.43045946,-15.18312902
2128730159,3.546859523,33.23555274,-15.77432238
2133650794,3.800877609,33.00158922,-16.42454814
2138571429,3.963039484,32.85943572,-16.98714132
2143492063,4.083892828,32.75854477,-17.31852607
2148412698,4.189037358,32.67331685,-17.65038079
2153333333,4.370242422,32.51198284,-18.27446494
2158253968,4.514083426,32.38796754,-18.91907505
2163174603,4.606462117,32.31536939,-19.60834487
2168095238,4.654511807,32.2870553,-20.65535726
2173015873,4.728008121,32.23324985,-21.74763538
2177936508,4.770053276,32.21085102,-22.65890109
2182857143,4.765664396,32.23484189,-22.98602978
2187777778,4.693523674,32.32654046,-22.99383412
2192698413,4.657172656,32.38240539,-22.74530132
2197619048,4.671323673,32.38772454,-22.23897095
2202539683,4.6015339,32.47694093,-21.54429479
2207460317,4.547565872,32.55029223,-20.90948406
2212380952,4.466634269,32.65056395,-20.40796614
2217301587,4.553325732,32.58316963,-20.17210624
2222222222,4.632114641,32.52363508,-19.94317908
2227142857,4.75679139,32.41817011,-19.82772276
2232063492,4.83444354,32.35968734,-20.04514965
2236984127,4.884543715,32.32871433,-20.47390484
2241904762,4.877496889,32.3548463,-20.70144579
2246825397,4.910777074,32.34060941,-20.8281607
2251746032,4.856583165,32.41380496,-20.93964519
2256666667,4.723808318,32.56553996,-20.81965337
2261587302,4.575698892,32.73256825,-20.47031737
2266507937,4.620230428,32.70691445,-20.15222412
2271428571,4.783096789,32.5628849,-19.95409797
2276349206,4.871368585,32.49340914,-19.50607051
2281269841,4.838642825,32.54489036,-18.87622694
2286190476,4.778908439,32.62333979,-18.13836435
2291111111,4.704182752,32.71674028,-17.50109377
2296031746,4.646740281,32.79281749,-16.97604667
2300952381,4.560360116,32.8977925,-16.60327538
2305873016,4.62045536,32.85625238,-16.33409858
2310793651,4.679630171,32.81559314,-16.08136213
2315714286,4.823066408,32.69063309,-15.9354015
2320634921,4.820218529,32.71191793,-15.81346937
2325555556,4.859472919,32.69106146,-15.6757352
2330476190,4.877785935,32.69110747,-15.44634914
2335396825,4.911070148,32.67614356,-15.32921271
2340317460,4.827750332,32.77774512,-15.25282578
2345238095,4.651220486,32.97251832,-15.21839874
2350158730,4.51364046,33.12830345,-15.2114537
2355079365,4.472222756,33.18788819,-15.15896419
2360000000,4.448119966,33.23012009,-14.94021452
2364920635,4.504813858,33.19151756,-14.59170856
2369841270,4.480812402,33.23357276,-14.24181928
2374761905,4.520407294,33.21199418,-14.010429
2379682540,4.424702628,33.32567785,-13.82852298
2384603175,4.528348228,33.23997413,-13.72098998
2389523810,4.609661329,33.17656592,-13.6466581
2394444444,4.748595758,33.05549954,-13.54189008
2399365079,4.687489527,33.13443715,-13.40258251
2404285714,4.472073757,33.36764776,-13.2534106
2409206349,4.158267031,33.69921295,-13.14065949
2414126984,3.814440985,34.06076122,-13.05040898
2419047619,3.74165618,34.15123217,-12.92397801
2423968254,3.689442651,34.2210959,-12.74587566
2428888889,3.701509858,34.22664311,-12.46800461
2433809524,3.526847032,34.41888469,-12.09940687
2438730159,3.459636803,34.50363818,-11.68540564
2443650794,3.384576541,34.59620634,-11.32552808
2448571429,3.332848553,34.665407,-11.00323834
2453492063,3.367514485,34.64817866,-10.75097174
2458412698,3.527189947,34.50590586,-10.60228691
2463333333,3.864187031,34.18627664,-10.56954391
2468253968,3.978393846,34.08940303,-10.63334739
2473174603,4.024508094,34.06058747,-10.74720901
2478095238,4.000425387,34.10193448,-10.91933198
2483015873,4.118842679,34.00074724,-11.07506483
2487936508,4.264212465,33.87257339,-11.24844591
2492857143,4.338770072,33.81517775,-11.47706532
2497777778,4.396131186,33.77494476,-11.68345475
2502698413,4.284587212,33.90358315,-11.93580994
2507619048,4.116227702,34.0890035,-12.24546074
2512539683,3.999166729,34.22309186,-12.52357892
2517460317,4.122392219,34.11686045,-12.73501088
2522380952,4.370705968,33.8855076,-12.8934435
2527301587,4.514756155,33.75838525,-13.02473166
2532222222,4.53182498,33.75821133,-13.09502245
2537142857,4.551576011,33.75532242,-13.20105653
2542063492,4.612705232,33.71102264,-13.33643263
2546984127,4.586706553,33.75381822,-13.47891068
2551904762,4.490976265,33.86631298,-13.67143182
2556825397,4.445686073,33.92833536,-13.86292572
2561746032,4.597892774,33.79282867,-14.16131797
2566666667,4.685547145,33.72184226,-14.59968622
2571587302,4.717958989,33.70606646,-14.99837665
2576507937,4.682906242,33.75772345,-15.4275346
2581428571,4.773850263,33.68335199,-15.95442435
2586349206,4.76510183,33.70864142,-16.43233108
2591269841,4.711889752,33.77836306,-16.87022139
2596190476,4.656086556,33.85064449,-17.28222278
2601111111,4.650249257,33.87292883,-17.63303873
2606031746,4.537133167,34.00246087,-17.97119738
2610952381,4.400772231,34.15520679,-18.13731234
2615873016,4.434107369,34.13822579,-18.20884136
2620793651,4.680066528,33.90859003,-18.15589248
2625714286,4.864999732,33.73994961,-17.91903556
2630634921,4.888858717,33.7323529,-17.72396145
2635555556,4.799869671,33.83757383,-17.65533596
2640476190,4.715319494,33.93832562,-17.67810626
2645396825,4.635767696,34.03404886,-17.89803348
2650317460,4.614854013,34.07110394,-18.19189887
2655238095,4.661489881,34.04057953,-18.36168166
2660158730,4.686728692,34.03142234,-18.5294991
2665079365,4.642286329,34.0919166,-18.82362166
2670000000,4.546607947,34.20361728,-19.13770741
2674920635,4.565235351,34.20098267,-19.49096148
2679841270,4.500195417,34.281986,-19.71600841
2684761905,4.42010509,34.37801045,-19.82766264
2689682540,4.320160798,34.49385968,-19.64626277
2694603175,4.337170915,34.49272543,-19.24011553
2699523810,4.343036431,34.50270681,-18.78841974
2704444444,4.226988011,34.63457328,-18.32815896
2709365079,4.136759345,34.74059123,-17.92561716
2714285714,4.071137026,34.82197419,-17.60051757
2719206349,4.157998165,34.75084515,-17.35821652
2724126984,4.22642667,34.69812029,-17.3592493
2729047619,4.310400878,34.6298214,-17.3322292
2733968254,4.238795145,34.7170742,-17.31555251
2738888889,4.131663587,34.8398247,-17.36307833
2743809524,4.127452537,34.85962665,-17.61006771
2748730159,4.280436777,34.72220537,-17.98516345
2753650794,4.5441522,34.47402508,-18.4195201
2758571429,4.628432442,34.40525223,-18.77977448
2763492063,4.532110641,34.51705379,-18.90760183
2768412698,4.300840743,34.76377591,-18.73518852
2773333333,4.229570704,34.85047073,-18.39484765
2778253968,4.309455808,34.78598306,-17.81391934
2783174603,4.44118527,34.66962379,-17.17448048
2788095238,4.479372046,34.64678005,-16.6022877
2793015873,4.396042839,34.74542524,-16.07892379
2797936508,4.339017446,34.81773966,-15.64495149
2802857143,4.180578946,34.99144031,-15.27911133
2807777778,4.103695726,35.08355892,-14.97763748
2812698413,4.033094593,35.16936877,-14.73403233
2817619048,4.063368579,35.15427691,-14.62486267
2822539683,4.044611496,35.18818963,-14.60990273
2827460317,3.900751385,35.34717898,-14.63718025
2832380952,3.749082697,35.51395061,-14.6477868
2837301587,3.580360924,35.6977491,-14.58766374
2842222222,3.485519844,35.80764077,-14.50446744
2847142857,3.294540825,36.01364435,-14.33918806
2852063492,3.059221493,36.2639623,-14.07702693
2856984127,2.79033101,36.54782554,-13.74035966
2861904762,2.666184966,36.68691858,-13.34943785
2866825397,2.614568403,36.75345646,-12.96484634
2871746032,2.531842392,36.8510782,-12.54669295
2876666667,2.41286667,36.98492415,-12.17605036
2881587302,2.247935529,37.1647001,-11.9469306
2886507937,2.252897592,37.17455753,-11.8444151
2891428571,2.271163431,37.17108593,-11.8713976
2896349206,2.368115253,37.0889032,-12.08138762
2901269841,2.268716956,37.20304551,-12.45027161
2906190476,2.225991932,37.26048957,-12.89847642
2911111111,2.293639191,37.20753645,-13.40074674
2916031746,2.443439897,37.07240506,-14.03425732
2920952381,2.472987466,37.05750207,-14.7268524
2925873016,2.365951348,37.17915812,-15.47923999
2930793651,2.449772105,37.10993274,-16.17467739
2935714286,2.545871502,37.02840422,-16.72723832
2940634921,2.717081057,36.87174115,-17.13246576
2945555556,2.754537482,36.84880688,-17.29976029
2950476190,2.971028951,36.64681334,-17.27124508
2955396825,3.134858987,36.49745706,-17.1041298
2960317460,3.288410126,36.35835561,-16.84320348
2965238095,3.302638722,36.3585527,-16.61706458
2970158730,3.31943764,36.35615555,-16.50991089
2975079365,3.364266544,36.32570457,-16.38759644
2980000000,3.519491211,36.18483407,-16.32115949
2984920635,3.757036652,35.96161911,-16.4026176
2989841270,4.018126371,35.71483628,-16.53892557
2994761905,4.195005332,35.55224067,-16.61892103
2999682540,4.359785919,35.40171998,-16.79993891
3004603175,4.470610964,35.30513147,-17.25020806
3009523810,4.50407209,35.28588358,-17.96019687
3014444444,4.419100283,35.3850454,-18.91772253
3019365079,4.322055103,35.49625746,-20.01530112
3024285714,4.368951481,35.46350488,-21.15707811
3029206349,4.490411294,35.35616587,-22.07529163
3034126984,4.641868142,35.21880692,-22.59782479
3039047619,4.697161755,35.17758835,-22.45880875
3043968254,4.63870972,35.25009266,-21.71508667
3048888889,4.565737322,35.33709463,-20.94517567
3053809524,4.492021774,35.42481713,-20.27459269
3058730159,4.573847443,35.35697586,-19.57961889
3063650794,4.652337109,35.29244812,-18.82447797
3068571429,4.784974479,35.17375026,-18.27322843
3073492063,4.799389305,35.17325262,-17.97690142
3078412698,4.769658378,35.21687846,-18.04138395
3083333333,4.69684252,35.30356704,-18.25534221
3088253968,4.616656448,35.39760371,-18.55237716
3093174603,4.495085525,35.53300319,-18.94344521
3098095238,4.344774564,35.69712072,-19.38775946
3103015873,4.303337701,35.75234224,-19.9189982
3107936508,4.337739893,35.73170287,-20.66373484
3112857143,4.345975889,35.73720792,-21.6304388
3117777778,4.284994889,35.81190826,-22.62387037
3122698413,4.242990839,35.86761001,-23.2639472
3127619048,4.30474852,35.81952847,-23.17997198
3132539683,4.329045683,35.80888594,-22.39826204
3137460317,4.331058085,35.82050675,-21.42094261
3142380952,4.307637509,35.85753916,-20.27750389
3147301587,4.321440576,35.85732664,-19.15619097
3152222222,4.289429321,35.90290721,-18.37615639
3157142857,4.21607603,35.98980864,-17.76430512
3162063492,4.210951211,36.00846051,-17.28439802
3166984127,4.325102623,35.90781511,-16.84357955
3171904762,4.419432876,35.8269699,-16.59044664
3176825397,4.375035516,35.8848314,-16.57721425
3181746032,4.225927243,36.04738298,-16.77736956
3186666667,4.160748704,36.12598405,-17.10158977
3191587302,4.198997629,36.10113694,-17.50168492
3196507937,4.331036827,35.98247891,-17.75246964
3201428571,4.387326399,35.93954993,-17.90016325
3206349206,4.421580305,35.9186361,-17.99691888
3211269841,4.398542415,35.9549936,-18.03867132
3216190476,4.4451599,35.92167533,-17.98687646
3221111111,4.564666688,35.81544743,-17.81359337
3226031746,4.605282805,35.78808993,-17.54511597
3230952381,4.618040942,35.7885702,-17.14590817
3235873016,4.615553291,35.80427612,-16.60250846
3240793651,4.7574071,35.67562049,-16.02277975
3245714286,4.858372335,35.58783341,-15.48936746
3250634921,4.777367892,35.68199604,-15.04671326
3255555556,4.639029202,35.83347302,-14.71470796
3260476190,4.585706627,35.89991404,-14.54717625
3265396825,4.740327928,35.7583914,-14.55245266
3270317460,4.877112838,35.63468542,-14.65424944
3275238095,4.950292179,35.57456536,-14.77395121
3280158730,4.885454161,35.65244304,-14.96313559
3285079365,4.734803012,35.81611431,-15.21422106
3290000000,4.613372291,35.95054567,-15.4967432
3294920635,4.602320656,35.97457851,-15.85161003
3299841270,4.608268419,35.98159258,-16.19461091
3304761905,4.50784237,36.09496114,-16.47765206
3309682540,4.312551915,36.30317486,-16.5709519
3314603175,4.296473538,36.3321573,-16.463483
3319523810,4.339123955,36.30239181,-16.18111333
3324444444,4.407994089,36.24638751,-15.75649848
3329365079,4.345467971,36.32176043,-15.24031138
3334285714,4.365637917,36.31441832,-14.72327713
3339206349,4.303995979,36.38886917,-14.1694052
3344126984,4.245679387,36.45997582,-13.68295187
3349047619,4.087142245,36.63128421,-13.30801517
3353968254,4.031145489,36.70003346,-13.02561206
3358888889,3.940436504,36.80347625,-12.91773613
3363809524,3.824167142,36.93246077,-12.90468729
3368730159,3.790023594,36.9793009,-12.92757072
3373650794,3.867725827,36.91427671,-13.04924343
3378571429,4.033091088,36.76157101,-13.29961351
3383492063,3.996280565,36.81102268,-13.51817282
3388412698,3.880729164,36.93919685,-13.67610454
3393333333,3.704868566,37.1276619,-13.79549375
3398253968,3.668271753,37.1768449,-13.94365961
3403174603,3.622011345,37.23567329,-14.00490741
3408095238,3.739304415,37.13093003,-13.94773941
3413015873,3.933397692,36.94936847,-13.83957962
3417936508,4.227967246,36.66731257,-13.66355558
3422857143,4.398040857,36.50973462,-13.46453972
3427777778,4.479565723,36.44068746,-13.27840561
3432698413,4.527006134,36.40570685,-13.0927163
3437619048,4.500849712,36.44430523,-12.97518064
3442539683,4.384054081,36.57352502,-12.90439963
3447460317,4.157188191,36.81279733,-12.90342696
3452380952,3.969893309,37.01248093,-12.97931162
3457301587,3.810795245,37.18395007,-13.10591075
3462222222,3.812596235,37.19450256,-13.33263901
3467142857,3.999726851,37.01970788,-13.64421251
3472063492,4.332163176,36.69958999,-13.99511404
3476984127,4.57594063,36.46811353,-14.37395213
3481904762,4.601601313,36.45473645,-14.75610464
3486825397,4.516960769,36.55164324,-15.09483552
3491746032,4.407156757,36.67369621,-15.30820514
3496666667,4.298694477,36.79439019,-15.39988534
3501587302,4.250365016,36.85493416,-15.46234919
3506507937,4.265641242,36.85185528,-15.52458479
3511428571,4.349143855,36.78053292,-15.56259584
3516349206,4.272870763,36.8689692,-15.56575077
3521269841,4.233033139,36.920953,-15.49060261
3526190476,4.297638212,36.86847715,-15.37791688
3531111111,4.549679345,36.62854832,-15.23733317
3536031746,4.79167956,36.39864355,-15.14206138
3540952381,4.905699737,36.29670199,-15.11465804
3545873016,5.025104467,36.18935911,-15.20859323
3550793651,5.035616989,36.1908917,-15.46033182
3555714286,5.059779189,36.17875794,-15.75896094
3560634921,4.927236164,36.32331277,-15.97083385
3565555556,4.862822902,36.39972125,-16.23507723
3570476190,4.82061879,36.45390404,-16.62929821
3575396825,4.843437497,36.44304751,-17.09096233
3580317460,4.762642374,36.53578836,-17.45984358
3585238095,4.674633684,36.63572636,-17.75762796
3590158730,4.601508983,36.72076402,-17.93206615
3595079365,4.67638745,36.6577822,-17.94326023
3600000000,4.718929501,36.62712051,-17.82213212
